{"cameraMode":{"drawMode":0,"name":"Shaded","section":"Shading Mode"},"sceneLighting":false,"audioPlay":false,"sceneViewState":{"showFog":true,"showMaterialUpdate":true,"showSkybox":false,"showFlares":true,"showImageEffects":true,"showParticleSystems":true},"in2DMode":false,"pivot":{"x":-0.056960344314575198,"y":0.16388845443725587,"z":-0.7839819192886353},"rotation":{"x":0.4327150583267212,"y":-0.16078412532806397,"z":0.07874175161123276,"w":0.883580207824707},"size":1.372689962387085,"orthographic":false}