{"cameraMode":{"drawMode":0,"name":"Shaded","section":"Shading Mode"},"sceneLighting":false,"audioPlay":false,"sceneViewState":{"showFog":true,"showMaterialUpdate":true,"showSkybox":false,"showFlares":true,"showImageEffects":true,"showParticleSystems":true},"in2DMode":false,"pivot":{"x":0.0,"y":0.13268911838531495,"z":0.009048819541931153},"rotation":{"x":0.2670412063598633,"y":0.06210510805249214,"z":-0.017247743904590608,"w":0.9615309834480286},"size":0.548288106918335,"orthographic":false}