{"cameraMode":{"drawMode":0,"name":"Shaded","section":"Shading Mode"},"sceneLighting":false,"audioPlay":false,"sceneViewState":{"showFog":true,"showMaterialUpdate":true,"showSkybox":false,"showFlares":true,"showImageEffects":true,"showParticleSystems":true},"in2DMode":false,"pivot":{"x":-0.17111587524414063,"y":2.1650280952453615,"z":0.45849549770355227},"rotation":{"x":0.44650423526763918,"y":-0.012078538537025452,"z":0.006028972566127777,"w":0.8946855068206787},"size":1.215719223022461,"orthographic":false}