{"cameraMode":{"drawMode":0,"name":"Shaded","section":"Shading Mode"},"sceneLighting":false,"audioPlay":false,"sceneViewState":{"showFog":true,"showMaterialUpdate":true,"showSkybox":true,"showFlares":true,"showImageEffects":true,"showParticleSystems":true},"in2DMode":false,"pivot":{"x":0.26607975363731387,"y":0.08944976329803467,"z":-0.256101131439209},"rotation":{"x":0.3686639368534088,"y":0.1359199434518814,"z":-0.05458759889006615,"w":0.917954683303833},"size":0.7578749060630798,"orthographic":false}