{"cameraMode":{"drawMode":0,"name":"Shaded","section":"Shading Mode"},"sceneLighting":false,"audioPlay":false,"sceneViewState":{"showFog":true,"showMaterialUpdate":true,"showSkybox":false,"showFlares":true,"showImageEffects":true,"showParticleSystems":true},"in2DMode":false,"pivot":{"x":-0.27969008684158327,"y":0.8675801753997803,"z":0.3099268674850464},"rotation":{"x":0.4797746539115906,"y":0.002632413525134325,"z":-0.0014391406439244748,"w":0.8773914575576782},"size":1.3289508819580079,"orthographic":false}