{"cameraMode":{"drawMode":0,"name":"Shaded","section":"Shading Mode"},"sceneLighting":true,"audioPlay":false,"sceneViewState":{"showFog":true,"showMaterialUpdate":false,"showSkybox":true,"showFlares":true,"showImageEffects":true,"showParticleSystems":true},"in2DMode":false,"pivot":{"x":197.2420196533203,"y":461.19244384765627,"z":9.18487548828125},"rotation":{"x":0.20551425218582154,"y":0.010275720618665219,"z":-0.0021573409903794529,"w":0.9786011576652527},"size":210.04359436035157,"orthographic":false}