{"cameraMode":{"drawMode":0,"name":"Shaded","section":"Shading Mode"},"sceneLighting":false,"audioPlay":false,"sceneViewState":{"showFog":true,"showMaterialUpdate":false,"showSkybox":false,"showFlares":true,"showImageEffects":true,"showParticleSystems":true},"in2DMode":false,"pivot":{"x":0.13266372680664063,"y":0.36325502395629885,"z":0.09847831726074219},"rotation":{"x":0.20551425218582154,"y":0.010275720618665219,"z":-0.0021573409903794529,"w":0.9786011576652527},"size":0.5489267110824585,"orthographic":false}