{"cameraMode":{"drawMode":0,"name":"Shaded","section":"Shading Mode"},"sceneLighting":false,"audioPlay":false,"sceneViewState":{"showFog":true,"showMaterialUpdate":false,"showSkybox":false,"showFlares":true,"showImageEffects":true,"showParticleSystems":true},"in2DMode":false,"pivot":{"x":0.0035310089588165285,"y":0.6577286720275879,"z":0.1363179087638855},"rotation":{"x":-0.0053894491866230968,"y":-0.9811795949935913,"z":0.19105197489261628,"w":-0.02768474631011486},"size":0.7317885756492615,"orthographic":false}