{"cameraMode":{"drawMode":0,"name":"Shaded","section":"Shading Mode"},"sceneLighting":false,"audioPlay":false,"sceneViewState":{"showFog":true,"showMaterialUpdate":false,"showSkybox":false,"showFlares":true,"showImageEffects":true,"showParticleSystems":true},"in2DMode":false,"pivot":{"x":0.1855325698852539,"y":0.7851591110229492,"z":0.5392604470252991},"rotation":{"x":-0.027409913018345834,"y":0.9689902067184448,"z":-0.12600308656692506,"w":-0.21079055964946748},"size":0.5117212533950806,"orthographic":false}